﻿<?xml version="1.0"?>
<doc>
<assembly>
<name>
NjRat Platinum Edition
</name>
</assembly>
<members>
<member name="T:NJRAT.My.Resources.Resources">
<summary>
  A strongly-typed resource class, for looking up localized strings, etc.
</summary>
</member>
<member name="P:NJRAT.My.Resources.Resources.ResourceManager">
<summary>
  Returns the cached ResourceManager instance used by this class.
</summary>
</member>
<member name="P:NJRAT.My.Resources.Resources.Culture">
<summary>
  Overrides the current thread's CurrentUICulture property for all
  resource lookups using this strongly typed resource class.
</summary>
</member>
<member name="P:NJRAT.My.Resources.Resources._01">
<summary>
  Looks up a localized resource of type System.Drawing.Bitmap.
</summary>
</member>
<member name="P:NJRAT.My.Resources.Resources._02">
<summary>
  Looks up a localized resource of type System.Drawing.Bitmap.
</summary>
</member>
<member name="P:NJRAT.My.Resources.Resources._03">
<summary>
  Looks up a localized resource of type System.Drawing.Bitmap.
</summary>
</member>
<member name="P:NJRAT.My.Resources.Resources._04">
<summary>
  Looks up a localized resource of type System.Drawing.Bitmap.
</summary>
</member>
<member name="P:NJRAT.My.Resources.Resources._05">
<summary>
  Looks up a localized resource of type System.Drawing.Bitmap.
</summary>
</member>
<member name="P:NJRAT.My.Resources.Resources.bullet_arrow_down">
<summary>
  Looks up a localized resource of type System.Drawing.Bitmap.
</summary>
</member>
<member name="P:NJRAT.My.Resources.Resources.bullet_arrow_up">
<summary>
  Looks up a localized resource of type System.Drawing.Bitmap.
</summary>
</member>
<member name="P:NJRAT.My.Resources.Resources.control_pause_blue">
<summary>
  Looks up a localized resource of type System.Drawing.Bitmap.
</summary>
</member>
<member name="P:NJRAT.My.Resources.Resources.control_play_blue">
<summary>
  Looks up a localized resource of type System.Drawing.Bitmap.
</summary>
</member>
<member name="P:NJRAT.My.Resources.Resources.DNR">
<summary>
  Looks up a localized resource of type System.Byte[].
</summary>
</member>
<member name="P:NJRAT.My.Resources.Resources.icon">
<summary>
  Looks up a localized resource of type System.Drawing.Icon similar to (Icon).
</summary>
</member>
<member name="P:NJRAT.My.Resources.Resources.JPEG">
<summary>
  Looks up a localized resource of type System.Drawing.Bitmap.
</summary>
</member>
<member name="P:NJRAT.My.Resources.Resources.Mono_Cecil">
<summary>
  Looks up a localized resource of type System.Byte[].
</summary>
</member>
<member name="P:NJRAT.My.Resources.Resources.mpress">
<summary>
  Looks up a localized resource of type System.Byte[].
</summary>
</member>
<member name="P:NJRAT.My.Resources.Resources.notf">
<summary>
  Looks up a localized string similar to              {5}
	  {6}
PC	: {0}
USR	: {1}
OS	: {2}
CO	: {3}
VR	: {4}.
</summary>
</member>
<member name="P:NJRAT.My.Resources.Resources.platinumdisco">
<summary>
  Looks up a localized resource of type System.Drawing.Bitmap.
</summary>
</member>
<member name="P:NJRAT.My.Resources.Resources.platinumdisco_notifyc">
<summary>
  Looks up a localized resource of type System.Drawing.Bitmap.
</summary>
</member>
<member name="P:NJRAT.My.Resources.Resources.Res">
<summary>
  Looks up a localized resource of type System.Byte[].
</summary>
</member>
<member name="P:NJRAT.My.Resources.Resources.RHDiscription">
<summary>
  Looks up a localized string similar to Imports System.Windows.Forms
Imports System.Reflection

&lt;Assembly: AssemblyTitle(&quot;*Title*&quot;)&gt; 
&lt;Assembly: AssemblyDescription(&quot;*Description*&quot;)&gt; 
&lt;Assembly: AssemblyCompany(&quot;*Company*&quot;)&gt; 
&lt;Assembly: AssemblyProduct(&quot;*Product*&quot;)&gt; 
&lt;Assembly: AssemblyCopyright(&quot;*Copyright*&quot;)&gt; 
&lt;Assembly: AssemblyTrademark(&quot;*Trademark*&quot;)&gt; 
&lt;Assembly: AssemblyVersion(&quot;*version*&quot;)&gt; 
&lt;Assembly: AssemblyFileVersion(&quot;*fversion*&quot;)&gt; 

Module X
    Sub Main()
    	MessageBox.Show(&quot;&quot;, &quot;&quot;, MessageBoxButtons.OK, MessageBoxIco [rest of string was truncated]&quot;;.
</summary>
</member>
<member name="P:NJRAT.My.Resources.Resources.RichTextBox1">
<summary>
  Looks up a localized string similar to 
Project		: njRat
Verison		: 0.7d
Coded By		: njq8
Moded By	: HumoudMJ
FireFox Stealer	: DarkSel
Paltalk Stealer	: pr0t0fag
Chrome Stealer	: RockingWithTheBest
Opera Stealer	: Black-Blood, KingCobra
Icon Changer	: Miharbi
WinMM.Net	: John Gietzen
Thnx To		: MaSad ,CoBrAxXx
Twitter		: https://twitter.com/HumoudMJ.
</summary>
</member>
<member name="P:NJRAT.My.Resources.Resources.Scream">
<summary>
  Looks up a localized resource of type System.IO.UnmanagedMemoryStream similar to System.IO.MemoryStream.
</summary>
</member>
</members>
</doc>
